Aaron,Smith
Abdul,Khan
Abel,Gonzalez
Abraham,Lee
Adam,Martinez
Adan,Perez
Adel,Rodriguez
Adrian,Lopez
Aedan,Gomez
Aiden,Hernandez
Alan,Wilson
Albert,Anderson
Alejandro,Thomas
Alex, Taylor
Alexander,Moore
Alfonso,Jackson
Ali,Martin
Allan,Lee
Allen,Parker
Alonso,White
Alonzo,Harris
Alvin,Sanchez
Amir,Clark
Andre,Ramirez
Andres,Lewis
Andrew,Robinson
Andy,Walker
Angel,Young
Angelo,Allen
Anthony,King
Antonio,Wright
Arthur,Scott
Asher,Green
Austin,Baker
Axel,Adams
Ayaan,Nelson
Ayden,Hill
Aziz,Campbell
Barack,Mitchell
Barney,Roberts
Barry,Carter
Bart,Phillips
Beau,Evans
Ben,Turner
Benjamin,Torres
Benny,Parker
Bernard,Collins
Blake,Edwards
Bo,Barnes
Bobby,Nguyen
Bradley,Morris
Brandon,Murphy
Brantley,Bailey
Brayden,Rivera
Brendan,Cooper
Brian,Richardson
Brock,Cox
Brody,Howard
Brooks,Ward
Bruce,Diaz
Bryan,Peterson
Bryce,Gray
Bryson,Ramsey
Caden,James
Cael,Bennett
Caleb,Gray
Cameron,Jenkins
Carl,Gonzales
Carlos,Perry
Carter,Butler
Casey,Barnett
Cecil,Foster
Chad,Simmons
Charles,Patterson
Charlie,Morgan
Chase,Bryant
Chester,Alexander
Chris,Russell
Christian,Griffin
Christopher,Diaz
Cian,Hayes
Clark,Myers
Clayton,Fisher
Clement,Bryan
Clifford,Long
Clinton,Powell
Cody,Reed
Colin,Ross
Connor,Richardson
Conor,Flores
Cooper,Kim
Cory,Howard
Craig,Washington
Curtis,Butler
Cyrus,Henderson
Dakota,Barnes
Dalton,West
Damian,Jordan
Damien,Freeman
Damon,Wheeler
Daniel,West
Danny,Scott
Darren,Green
Daryl,Bennett
Dashiell,Wood
David,Brooks
Dean,Barnett
Declan,James
Dennis,Bell
Derek,Coleman
Derrick,Murray
Desmond,Griffin
Devin,Rogers
Dexter,Stewart
Diego,Morris
Dominic,Nguyen
Donovan,Murphy
Dorian,Peterson
Douglas,Long
Drew,Palmer
Duncan,Hughes
Dustin,Fowler
Dwayne,Washington
Dylan,Butler
Easton,Hamilton
Edgar,Franco
Edmund,Marshall
Edward,Owens
Edwin,Murphy
Elias,Henderson
Elijah,Cunningham
Elliot,Burke
Emerson,Reyes
Emmanuel,Barnes
Emmett,Stone
Eric,Shaw
Erik,Cunningham
Ethan,Morgan
Eugene,Burke
Evan,Reed
Ezra,Bryant
Felix,Palmer
Fernando,Richards
Finn,Watkins
Francisco,Palmer
Frank,Franklin
Franklin,Hansen
Frederick,Morrison
Gabriel,Olson
Gage,Bryant
Garrett,Castillo
Gavin,Pena
George,Rivera
Giovanni,Cruz
Glen,James
Graham,Watts
Grant,West
Gregory,Hamilton
Griffin,Graham
Guillermo,Gray
Gunnar,West
Gustavo,Murray
Guy,Crawford
Hank,Watson
Harley,Bowman
Harold,Ross
Harry,Holmes
Hassan,French
Hayden,Manning
Heath,Sharp
Henry,Benson
Hugo,West
Hunter,Stokes
Ian,Ferguson
Ibrahim,Hart
Isaac,Newman
Isaiah,Hansen
Ismael,Bauer
Israel,Butler
Ivan,Fuller
Izaiah,Banks
Jack,Berry
Jackson,Bryant
Jacob,Ramos
Jaden,Brooks
Jake,Russell
James,Cook
Jamie,Murphy
Jared,Bell
Jarrett,Ferguson
Jason,Marshall
Jasper,Watts
Jayden,Barnett
Jayson,Bates
Jean,Richards
Jeffrey,Fisher
Jeremiah,Dean
Jeremy,Baker
Jermaine,Dixon
Jerome,Stone
Jesse,Palmer
Jett,Hicks
Joaquin,Hayes
Joel,Hansen
John,Ellis
Johnny,Haynes
Jonah,Williamson
Jonathan,Owens
Jordan,Long
Joseph,Reid
Joshua,Kim
Josiah,Franklin
Juan,Garza
Julian,Hicks
Justin,Dean
Kaden,Henry
Kaleb,Woods
Kameron,Ray
Karl,Bishop
Karter,Fuller
Kayden,Beck
Keegan,Hunt
Keith,Hoover
Kellen,Mills
Kelly,Morgan
Kendall,Grimes
Kenneth,Hart
Kenny,Kim
Kevin,Whitaker
Kingston,Reid
Kirk,Holt
Kobe,Boone
Kody,Meadows
Kolby,Mills
Kobe,Patel
Konner,Harmon
Kris,Olson
Kyle,Hamilton
Kyler,Carroll
Landon,Franks
Larry,Hicks
Lawrence,Bennett
Leandro,Reid
Lee,Marshall
Leo,Baxter
Leon,Stone
Leonardo,Schmidt
Leonel,Brooks
Leslie,Griffin
Levi,Hayes
Lewis,Stephens
Liam,Flores
Lincoln,Burke
Logan,Mann
Louis,West
Lucas,Curtis
Luis,Oliver
Luke,Peters
Lukas,Ramirez
Luis,Reid
Lyle,Spencer
Malachi,Harrison
Malcolm,Mason
Manuel,Marsh
Marc,Russell
Marco,Arnold
Marcus,Gordon
Mario,Shaw
Mark,Farmer
Marlon,Dixon
Marshall,Fitzgerald
Martin,Black
Marvin,Freeman
Mason,Rice
Mathew,Howard
Matt,Palmer
Matthew,Payne
Maurice,Mcdonald
Max,Andrews
Maxwell,Hart
Miguel,Craig
Mike,Silva
Miles,Ellison
Milton,Blake
Mitchell,Bennett
Mohamed,Holland
Mohammad,Brooks
Morgan,Alvarez
Myles,Joseph
Nathan,Barton
Nathaniel,Burke
Nehemiah,Day
Nicholas,Phelps
Nicolas,Franklin
Noah,Baker
Noel,Parker
Noel,Ramsey
Noel,Jimenez
Noel,Franklin
Oliver,Morgan
Omar,Pena
Orlando,Manning
Oscar,Hart
Owen,Fox
Pablo,Bailey
Paige,Franklin
Patrick,Sanders
Paul,Little
Pedro,Bradley
Preston,Hanson
Quentin,Rowe
Quincy,Oliver
Quinn,Shaw
Rafael,Morales
Ralph,Webb
Randy,Flores
Raul,Knox
Raymond,Henry
Reed,Webster
Reese,Watkins
Reid,Adams
Remington,Mills
Rene,Page
Reuben,Black
Ricardo,Perry
Richard,Long
Riley,Palmer
River,Bowman
Robert,Grant
Roderick,Fields
Rodney,Holland
Rogelio,Bates
Rohan,Day
Roland,Patterson
Roman,Goodman
Ronald,Hicks
Rory,Bradshaw
Ross,Coleman
Rowan,Fletcher
Roy,Henderson
Ruben,Richardson
Russell,Fuller
Ryan,Freeman
Ryker,Spencer
Sage,Hayes
Salvador,Palmer
Sam,Reid
Samuel,Cohen
Santiago,Reyes
Sean,Duncan
Sebastian,Oliver
Sergio,Morgan
Shane,Griffin
Shawn,Newman
Simon,Bates
Spencer,Holt
Stanley,Brooks
Stefan,Fletcher
Stephen,Williamson
Steve,Ellis
Steven,Franklin
Stewart,Parsons
Tanner,Garcia
Taylor,Black
Terry,Hughes
Theodore,Fields
Thomas,Little
Timothy,Hart
Tobias,Burke
Toby,Morris
Tony,Higgins
Travis,Benson
Trenton,Stewart
Trevor,Edwards
Troy,Howard
Tristan,Webster
Tyler,Spencer
Tyrone,Griffin
Tyson,Hamilton
Ulises,Baldwin
Uriah,Reed
Uriel,Murray
Uriah,Oliver
Vance,Schneider
Victor,Wallace
Viktor,Perry
Vincent,Bennett
Vince,Marshall
Walter,Watkins
Warren,Bailey
Waylon,Hayes
Wayne,Morrison
Wesley,Olson
Weston,Price
Will,Dean
William,Bates
Wilson,Peters
Wyatt,Jordan
Xavier,Hart
Yahir,Ramirez
Yusuf,Brown
Zachary,Cook
Zane,Hughes
Zayden,Ellis
Zion,Stewart
Lars,Andersen
Erik,Berg
Nils,Dahl
Johan,Eklund
Henrik,Eriksson
Soren,Hansen
Magnus,Henriksen
Bjorn,Holm
Anders,Iversen
Karl,Jacobsen
Sven,Jørgensen
Olaf,Johansen
Gustav,Karlsson
Mikkel,Larsen
Leif,Larsson
Rasmus,Lindberg
Emil,Lindgren
Tobias,Lund
Alexander,Magnusson
Simon,Mikkelsen
Mathias,Nielsen
Elias,Nilsen
Casper,Nilsson
Finn,Olsen
Adrian,Olofsson
Victor,Pedersen
Morten,Peterson
Joel,Rasmussen
Martin,Sandberg
Andreas,Sandström
Sebastian,Sjöberg
Christian,Solberg
Oliver,Svensson
Fredrik,Thomsen
Benjamin,Torbjörnsson
Daniel,Ulfsson
Anton,Vestergaard
Lucas,Westerlund
William,Åkesson
Oscar,Åström
Johannes,Bergstrom
Filip,Fredriksson
August,Gustavsson
Isak,Holmberg
Noah,Jansson
Axel,Karlberg
Rune,Lindholm
Einar,Berglund
Torsten,Norberg
Vidar,Söderberg
Kwame,Abebe
Jelani,Akinyele
Thabo,Badu
Kofi,Benjumea
Amari,Biko
Sefu,Chukwu
Tunde,Dlamini
Ade,Eze
Chidi,Fernandes
Babatunde,Gariba
Kyan,Hassan
Musa,Iyanda
Obi,Jabari
Zuberi,Kabiru
Kato,Kwamena
Kwesi,Lambert
Nuru,Mabena
Kamau,Njoroge
Lamine,Osei
Dumi,Pepper
Kwabena,Qureshi
Amani,Ramadhan
Jengo,Sangare
Femi,Toure
Chike,Umar
Kwesi,Venter
Sulaiman,Warah
Nkosinathi,Xolani
Mandla,Yeboah
Ekon,Zamani
Bhekizizwe,Abiola
Oluwafemi,Balogun
Jabari,Cissé
Adeola,Dias
Tumelo,Ekwueme
Kwasi,Fofana
Ibrahim,Gomes
Nnamdi,Hadj
Kabelo,Ibrahim
Zola,Jansen
Adekunle,Kareem
Tariq,Lubega
Simba,Mwangi
Adeyemi,Nkosi
Kwame,Onyango
Musa,Patel
Kofi,Quartey
Jelani,Rose
Thabo,Saye
Mateo,González
Santiago,Silva
Thiago,García
Lucas,Martínez
Benjamín,Rodríguez
Gabriel,Fernández
Daniel,Lopez
Alejandro,Morales
Andrés,Gomez
Nicolás,Romero
Diego,Diaz
Matías,Alvarez
Samuel,Castro
Emiliano,Ortiz
Juan,Silva
Carlos,Rojas
Luis,Perez
Javier,Mendoza
Felipe,Sanchez
Ricardo,Suárez
Bruno,Reyes
Agustín,Molina
Antonio,Cruz
Hugo,Navarro
Simón,Vega
Maximiliano,Pineda
Renato,Medina
Ezequiel,Domínguez
Francisco,Román
Sebastián,Ortega
Juan Pablo,Castillo
Victor,Marin
Leonardo,Barrios
Tomás,Valdez
Pedro,León
Adrián,Cabrera
Jorge,Fuentes
Marcos,Benítez
Hector,Salazar
Esteban,Valencia
Ramón,Rivera
Mauricio,Delgado
Roberto,Espinoza
Pablo,Durán
Cristian,Guerrero
José,Palacios
Raúl,Torres
Ignacio,Flores
Wei,Li
Haruki,Sato
Ji-hoon,Kim
Arjun,Singh
Anurak,Nguyen
Bao,Chen
Satoshi,Suzuki
Ming,Park
Ravi,Patel
Tao,Wang
Yuki,Tanaka
Min-jun,Lee
Raj,Sharma
Daisuke,Huang
Kaito,Takahashi
Sunil,Choi
Jiro,Das
Huy,Zhang
Rakesh,Yamamoto
Kenji,Jung
Ling,Rao
Pranav,Liu
Tuan,Ito
Shin,Kwon
Nikhil,Reddy
Haruto,Xu
Baojun,Kobayashi
Shiro,Lim
Amir,Verma
Ken,Guo
Vishal,Nakamura
Jae,Seo
Hiro,Iyer
Wei-Lun,Lin
Aditya,Watanabe
Yuto,Han
Tao-Jun,Bhatia
Suraj,Gao
Jin,Mori
Kenta,Kimura
Liang,Kang
Rajesh,Desai
Masashi,Feng
Veer,Nakajima
Keita,Yoo
Sanjay,Joshi
Daichi,Zhu
Ping,Matsumoto
Anil,Shin
Toshiro,Mehta